﻿{
    "Button14": "삽입(&W)",
    "GroupBox1": "글로벌 변수",
    "TabPage1": "Classic view",
    "Label1": "플레이어",
    "GroupBox2": "트리거",
    "Button9": "새로 만들기(N)",
    "Button10": "수정(M)",
    "Button11": "삭제(D)",
    "Button12": "복사(C)",
    "Button13": "올리기(U)",
    "Button15": "내리기(O)",
    "Button16": "함수 불러오기(F)",
    "Button7": "Switch(&Q)",
    "Button20": "Case(&R)",
    "TabPage2": "Advance view",
    "Button5": "폴더",
    "Button17": "트리거",
    "조건Btn": "조건(&C)",
    "액션Btn": "액션(&A)",
    "대기하기Btn": "대기하기(&W)",
    "함수Btn": "함수(&F)",
    "IfBtn": "IF(&I)",
    "IfElseBtn": "IFlse(&E)",
    "ForBtn": "For(&R)",
    "WhileBtn": "While(&H)",
    "함수정의Btn": "새함수(&N)",
    "인수Btn": "인자(&T)",
    "함수저장Btn": "저장(&S)",
    "함수불러오기Btn": "불러오기(&L)",
    "FastColoredTextBox1": "FastColoredTextBox1",
    "MenuStrip1": "MenuStrip1",
    "CheckBox1": "SCDB사용"
}