﻿{
    "Label3": "Filter",
    "Label2": "Internal object",
    "Label8": "Dialog list",
    "GroupBox3": "Set appearance",
    "GroupBox5": "Object",
    "Button6": "Initial",
    "Label10": "X",
    "Label11": "Y",
    "GroupBox4": "Dialog box",
    "Button5": "Initial",
    "Button2": "Empty",
    "Label6": "X",
    "Label5": "Y",
    "Button1": "Open",
    "Label7": "External image",
    "GroupBox2": "race",
    "TabPage1": "Protoss",
    "TabPage2": "Terran",
    "TabPage3": "Zerg",
    "GroupBox1": "Scene",
    "Button3": "New",
    "Button4": "Delete",
    "Scene": "Scene",
    "DefaultScene": "Default Scene",
    "Min0": "Normal",
    "Min1": "Unused",
    "statdata0": "General Unit",
    "statdata1": "Supply Building",
    "statdata2": "Building In Train",
    "statdata3": "Building Under Construction",
    "statdata4": "Add-on Construction",
    "statdata5": "Upgrading",
    "statdata6": "Boarding 1",
    "statdata7": "Boarding 2",
    "statdata8": "Boarding 3",
    "statdata9": "Unit Selection",
    "Minimap0": "Multiplay",
    "Minimap1": "Singleplay",
    "Always0": "See all",
    "Always1": "Hide All"
}