﻿{
    "Label27": "Filter",
    "CheckBox5": "Edit",
    "Button5": "Fold",
    "TabPage1": "Unit information",
    "GroupBox1": "Status information",
    "Label4": "DebugID",
    "Label3": "Display func",
    "Label2": "Status func",
    "Label1": "Status list",
    "TabPage2": "Button Set",
    "CheckBox2": "Condition Available",
    "GroupBox2": "Button list",
    "GroupBox3": "Preview",
    "GroupBox7": "Settings",
    "Label9": "Value",
    "Label10": "Action",
    "Label7": "Value",
    "Label8": "Condition",
    "GroupBox6": "Character",
    "Button2": "Edit",
    "Button45": "Edit",
    "Label12": "Unavailable",
    "Label11": "Available",
    "GroupBox4": "Button Data",
    "Button1": "Apply",
    "GroupBox5": "Visual Properties",
    "Label5": "Icon",
    "Label6": "Position",
    "CheckBox1": "Use default",
    "TabPage3": "Requirements",
    "RadioButton4": "Custom",
    "RadioButton3": "Always",
    "RadioButton2": "Disable",
    "RadioButton1": "Default",
    "GroupBox11": "Total Capacity",
    "Button10": "Always",
    "Button9": "Disable",
    "Button8": "Default",
    "Label13": "Capacity",
    "GroupBox10": "Information",
    "GroupBox9": "Data",
    "Label15": "Value",
    "Label14": "Opcode",
    "GroupBox8": "Requirements",
    "Button4": "New",
    "Button3": "Delete",
    "Button6": "Up",
    "Button7": "Down",
    "TabPage4": "Unit",
    "TabPage5": "Upgrade",
    "TabPage6": "Technology Research",
    "TabPage7": "Technology Using",
    "TabPage8": "Order",
    "Fold": "Fold",
    "UnFold": "UnFold",
    "Func": "Function",
    "MenuStrip1": "MenuStrip1"
}