﻿{
    "GroupBox2": "unpatcher",
    "Label1": "초기화 조건",
    "Button1": "넣기",
    "Button3": "수정",
    "Button4": "삭제",
    "CheckBox1": "사용",
    "GroupBox4": "dataDumper",
    "Label5": "추가 dataDumper",
    "Button5": "넣기",
    "Button6": "수정",
    "Button7": "삭제",
    "CheckBox3": "사용",
    "GroupBox3": "grpinjector",
    "CheckBox4": "사용",
    "GroupBox1": "iscriptPatcher",
    "Label2": "iscript",
    "Button2": "열기",
    "CheckBox2": "사용",
    "GroupBox6": "MurakamiShiinaQC",
    "LinkLabel1": "다운로드",
    "Label4": "인식 유닛",
    "Label6": "인식",
    "Button8": "넣기",
    "Button9": "수정",
    "Button10": "삭제",
    "Button11": "마우스로케이션",
    "CheckBox5": "사용",
    "GroupBox5": "EtcPlugins",
    "Label3": "추가 eds텍스트",
    "FileName": "파일 명",
    "Fileoffset": "파일 주소",
    "Status": "상태",
    "type1": "사용안함",
    "type2": "사용(기본)",
    "type3": "사용(copy)",
    "type4": "사용(unpatcher)"
}
