﻿{
    "Label27": "필터",
    "CheckBox5": "수정",
    "Button5": "접기",
    "TabPage1": "유닛정보",
    "GroupBox1": "상태정보",
    "Label4": "DebugID",
    "Label3": "표시기능",
    "Label2": "상태기능",
    "Label1": "상태목록",
    "TabPage2": "버튼셋",
    "CheckBox2": "조건 만족 여부",
    "GroupBox2": "버튼리스트",
    "GroupBox3": "미리보기",
    "GroupBox7": "설정",
    "Label9": "액션값",
    "Label10": "액션",
    "Label7": "조건값",
    "Label8": "조건",
    "GroupBox6": "문자",
    "Button2": "수정",
    "Button45": "수정",
    "Label12": "사용불가",
    "Label11": "사용가능",
    "GroupBox4": "버튼데이터",
    "Button1": "적용",
    "GroupBox5": "버튼외형",
    "Label5": "아이콘",
    "Label6": "위치",
    "CheckBox1": "기본값 사용",
    "TabPage3": "요구사항",
    "RadioButton4": "사용자 정의",
    "RadioButton3": "무조건허용",
    "RadioButton2": "사용안함",
    "RadioButton1": "기본값 사용",
    "GroupBox11": "전체 용량 관리",
    "Button10": "무조건허용",
    "Button9": "사용안함",
    "Button8": "기본값",
    "Label13": "용량",
    "GroupBox10": "정보",
    "GroupBox9": "데이터",
    "Label15": "Value",
    "Label14": "Opcode",
    "GroupBox8": "요구사항",
    "Button4": "새 코드",
    "Button3": "삭제",
    "Button6": "올리기",
    "Button7": "내리기",
    "TabPage4": "유닛",
    "TabPage5": "업그레이드",
    "TabPage6": "기술연구",
    "TabPage7": "기술사용",
    "TabPage8": "명령",
    "Fold": "접기",
    "UnFold": "펼치기",
    "Func": "기능",
    "MenuStrip1": "MenuStrip1"
}
