﻿{
    "GroupBox2": "unpatcher",
    "Label1": "Initialization condition",
    "Button1": "Load",
    "Button3": "Edit",
    "Button4": "Delete",
    "CheckBox1": "Use",
    "GroupBox4": "dataDumper",
    "Label5": "Additional dataDumper",
    "Button5": "Insert",
    "Button6": "Edit",
    "Button7": "Delete",
    "CheckBox3": "Use",
    "GroupBox3": "grpinjector",
    "CheckBox4": "Use",
    "GroupBox1": "iscriptPatcher",
    "Label2": "iscript",
    "Button2": "Open",
    "CheckBox2": "Use",
    "GroupBox6": "MSQC",
    "LinkLabel1": "Download",
    "Label4": "Recognition unit",
    "Label6": "Recognition",
    "Button8": "Insert",
    "Button9": "Edit",
    "Button10": "Delete",
    "Button11": "Mouse Location",
    "CheckBox5": "Use",
    "GroupBox5": "EtcPlugins",
    "Label3": "Additional eds text",
    "FileName": "File Name",
    "Fileoffset": "File Adress",
    "Status": "Status",
    "type1": "Unuse",
    "type2": "Use(Default)",
    "type3": "Use(copy)",
    "type4": "Use(unpatcher)"
}