﻿{
    "Button13": "Ok",
    "Button14": "Cancel",
    "TabPage1": "Players",
    "TabPage2": "Conditions",
    "GroupBox1": "New",
    "Button1": "Cond(N)",
    "Button17": "Func(F)",
    "Button2": "Edit(E)",
    "Button3": "Copy(C)",
    "Button4": "Delete(D)",
    "Button5": "Move Up(U)",
    "Button6": "Move Down(O)",
    "TabPage3": "Actions",
    "GroupBox2": "New",
    "Button7": "Act(N)",
    "Button16": "Wait(W)",
    "Button15": "Func(F)",
    "Button8": "Edit(E)",
    "Button9": "Copy(C)",
    "Button10": "Delete(D)",
    "Button11": "Move Up(U)",
    "Button12": "Move Down(O)"
}
